<?xml version="1.0" encoding="utf-8" standalone="no"?>
<problem revision="6" short-name="grand-open" url="https://polygon.codeforces.com/p6NwsIz/cnu-tp6/grand-open">
    <names>
        <name language="korean" value="개장"/>
    </names>
    <statements>
        <statement charset="UTF-8" language="korean" mathjax="true" path="statements/korean/problem.tex" type="application/x-tex"/>
        <statement charset="UTF-8" language="korean" mathjax="true" path="statements/.html/korean/problem.html" type="text/html"/>
    </statements>
    <judging cpu-name="Intel(R) Core(TM) i3-8100 CPU @ 3.60GHz" cpu-speed="3600" input-file="" output-file="" run-count="1">
        <testset name="tests">
            <time-limit>2000</time-limit>
            <memory-limit>1073741824</memory-limit>
            <test-count>100</test-count>
            <input-path-pattern>tests/%02d</input-path-pattern>
            <answer-path-pattern>tests/%02d.a</answer-path-pattern>
            <tests>
                <test method="manual" sample="true"/>
                <test description="Added from stress #1. Had script line &quot;gen1 0 804474ccf5d747b0310277dba81aa030&quot;" method="manual"/>
                <test cmd="generator 3" method="generated"/>
                <test cmd="generator 4" method="generated"/>
                <test cmd="generator 5" method="generated"/>
                <test cmd="generator 6" method="generated"/>
                <test cmd="generator 7" method="generated"/>
                <test cmd="generator 8" method="generated"/>
                <test cmd="generator 9" method="generated"/>
                <test cmd="generator 10" method="generated"/>
                <test cmd="generator 11" method="generated"/>
                <test cmd="generator 12" method="generated"/>
                <test cmd="generator 13" method="generated"/>
                <test cmd="generator 14" method="generated"/>
                <test cmd="generator 15" method="generated"/>
                <test cmd="generator 16" method="generated"/>
                <test cmd="generator 17" method="generated"/>
                <test cmd="generator 18" method="generated"/>
                <test cmd="generator 19" method="generated"/>
                <test cmd="generator 20" method="generated"/>
                <test cmd="generator 21" method="generated"/>
                <test cmd="generator 22" method="generated"/>
                <test cmd="generator 23" method="generated"/>
                <test cmd="generator 24" method="generated"/>
                <test cmd="generator 25" method="generated"/>
                <test cmd="generator 26" method="generated"/>
                <test cmd="generator 27" method="generated"/>
                <test cmd="generator 28" method="generated"/>
                <test cmd="generator 29" method="generated"/>
                <test cmd="generator 30" method="generated"/>
                <test cmd="generator 31" method="generated"/>
                <test cmd="generator 32" method="generated"/>
                <test cmd="generator 33" method="generated"/>
                <test cmd="generator 34" method="generated"/>
                <test cmd="generator 35" method="generated"/>
                <test cmd="generator 36" method="generated"/>
                <test cmd="generator 37" method="generated"/>
                <test cmd="generator 38" method="generated"/>
                <test cmd="generator 39" method="generated"/>
                <test cmd="generator 40" method="generated"/>
                <test cmd="generator 41" method="generated"/>
                <test cmd="generator 42" method="generated"/>
                <test cmd="generator 43" method="generated"/>
                <test cmd="generator 44" method="generated"/>
                <test cmd="generator 45" method="generated"/>
                <test cmd="generator 46" method="generated"/>
                <test cmd="generator 47" method="generated"/>
                <test cmd="generator 48" method="generated"/>
                <test cmd="generator 49" method="generated"/>
                <test cmd="generator 50" method="generated"/>
                <test cmd="generator 51" method="generated"/>
                <test cmd="generator 52" method="generated"/>
                <test cmd="generator 53" method="generated"/>
                <test cmd="generator 54" method="generated"/>
                <test cmd="generator 55" method="generated"/>
                <test cmd="generator 56" method="generated"/>
                <test cmd="generator 57" method="generated"/>
                <test cmd="generator 58" method="generated"/>
                <test cmd="generator 59" method="generated"/>
                <test cmd="generator 60" method="generated"/>
                <test cmd="generator 61" method="generated"/>
                <test cmd="generator 62" method="generated"/>
                <test cmd="generator 63" method="generated"/>
                <test cmd="generator 64" method="generated"/>
                <test cmd="generator 65" method="generated"/>
                <test cmd="generator 66" method="generated"/>
                <test cmd="generator 67" method="generated"/>
                <test cmd="generator 68" method="generated"/>
                <test cmd="generator 69" method="generated"/>
                <test cmd="generator 70" method="generated"/>
                <test cmd="generator 71" method="generated"/>
                <test cmd="generator 72" method="generated"/>
                <test cmd="generator 73" method="generated"/>
                <test cmd="generator 74" method="generated"/>
                <test cmd="generator 75" method="generated"/>
                <test cmd="generator 76" method="generated"/>
                <test cmd="generator 77" method="generated"/>
                <test cmd="generator 78" method="generated"/>
                <test cmd="generator 79" method="generated"/>
                <test cmd="generator 80" method="generated"/>
                <test cmd="generator 81" method="generated"/>
                <test cmd="generator 82" method="generated"/>
                <test cmd="generator 83" method="generated"/>
                <test cmd="generator 84" method="generated"/>
                <test cmd="generator 85" method="generated"/>
                <test cmd="generator 86" method="generated"/>
                <test cmd="generator 87" method="generated"/>
                <test cmd="generator 88" method="generated"/>
                <test cmd="generator 89" method="generated"/>
                <test cmd="generator 90" method="generated"/>
                <test cmd="generator 91" method="generated"/>
                <test cmd="generator 92" method="generated"/>
                <test cmd="generator 93" method="generated"/>
                <test cmd="generator 94" method="generated"/>
                <test cmd="generator 95" method="generated"/>
                <test cmd="generator 96" method="generated"/>
                <test cmd="generator 97" method="generated"/>
                <test cmd="generator 98" method="generated"/>
                <test cmd="generator 99" method="generated"/>
                <test cmd="generator 100" method="generated"/>
            </tests>
        </testset>
    </judging>
    <files>
        <resources>
            <file path="files/olymp.sty"/>
            <file path="files/problem.tex"/>
            <file path="files/statements.ftl"/>
            <file path="files/testlib.h" type="h.g++"/>
        </resources>
        <executables>
            <executable>
                <source path="files/checker.cpp" type="cpp.g++17"/>
                <binary path="files/checker.exe" type="exe.win32"/>
            </executable>
            <executable>
                <source path="files/generator.cpp" type="cpp.g++17"/>
                <binary path="files/generator.exe" type="exe.win32"/>
            </executable>
            <executable>
                <source path="files/validator.cpp" type="cpp.g++17"/>
                <binary path="files/validator.exe" type="exe.win32"/>
            </executable>
        </executables>
    </files>
    <assets>
        <checker type="testlib">
            <source path="files/checker.cpp" type="cpp.g++17"/>
            <binary path="check.exe" type="exe.win32"/>
            <copy path="check.cpp" type="cpp.g++17"/>
            <testset>
                <test-count>3</test-count>
                <input-path-pattern>files/tests/checker-tests/%02d</input-path-pattern>
                <output-path-pattern>files/tests/checker-tests/%02d.o</output-path-pattern>
                <answer-path-pattern>files/tests/checker-tests/%02d.a</answer-path-pattern>
                <tests>
                    <test verdict="ok"/>
                    <test verdict="wrong-answer"/>
                    <test verdict="wrong-answer"/>
                </tests>
            </testset>
        </checker>
        <validators>
            <validator>
                <source path="files/validator.cpp" type="cpp.g++17"/>
                <binary path="files/validator.exe" type="exe.win32"/>
                <testset>
                    <test-count>3</test-count>
                    <input-path-pattern>files/tests/validator-tests/%02d</input-path-pattern>
                    <tests>
                        <test verdict="valid"/>
                        <test verdict="valid"/>
                        <test verdict="valid"/>
                    </tests>
                </testset>
            </validator>
        </validators>
        <solutions>
            <solution tag="main">
                <source path="solutions/main.cpp" type="cpp.g++17"/>
                <binary path="solutions/main.exe" type="exe.win32"/>
            </solution>
            <solution tag="accepted">
                <source path="solutions/rhsek123.cpp" type="cpp.g++17"/>
                <binary path="solutions/rhsek123.exe" type="exe.win32"/>
            </solution>
            <solution tag="wrong-answer">
                <source path="solutions/stupid.cpp" type="cpp.g++17"/>
                <binary path="solutions/stupid.exe" type="exe.win32"/>
            </solution>
        </solutions>
    </assets>
    <properties>
        <property name="tests-wellformed" value="true"/>
    </properties>
    <stresses>
        <stress-count>2</stress-count>
        <stress-path-pattern>stresses/%03d</stress-path-pattern>
        <list>
            <stress index="2" path="stresses/002"/>
            <stress index="1" path="stresses/001"/>
        </list>
    </stresses>
    <tags>
        <tag value="math"/>
    </tags>
</problem>
